{"cameraMode":{"drawMode":0,"name":"Shaded","section":"Shading Mode"},"sceneLighting":true,"audioPlay":false,"sceneViewState":{"m_AlwaysRefresh":false,"showFog":true,"showSkybox":true,"showFlares":true,"showImageEffects":true,"showParticleSystems":true,"showVisualEffectGraphs":true,"m_FxEnabled":true},"in2DMode":false,"pivot":{"x":-6.603463172912598,"y":-4.5827531814575199,"z":-10.693870544433594},"rotation":{"x":0.05260823667049408,"y":-0.9285598993301392,"z":0.14461514353752137,"w":0.3377918004989624},"size":14.705195426940918,"orthographic":false}